{"precision": 0.9785887709661631, "recall": 0.9783333333333334, "f1-score": 0.9783766374409648, "support": 600.0}