{"precision": 0.9950248756218906, "recall": 0.995, "f1-score": 0.9949999373425732, "support": 600.0}